{
  "auc_roc": 0.8676182636784275,
  "auc_pr": 0.8195789240180763,
  "threshold": 0.36397993311036786,
  "f1": 0.8292682926829268,
  "cv": {
    "auc_roc": {
      "mean": 0.9178048047637908,
      "std": 0.027688486424586174
    },
    "auc_pr": {
      "mean": 0.7695362193318132,
      "std": 0.03275423865625039
    },
    "f1": {
      "mean": 0.7752102868174297,
      "std": 0.05648526642189696
    }
  }
}